"Confirmation Number";"Arrival Time";"Departure Time";"LP"
1;"2016-04-25 15:00:00";"0000-00-00 00:00:00";"ABC-1"
2;"2016-04-25 15:00:00";"0000-00-00 00:00:00";"ABC-2"
3;"2016-04-25 15:00:00";"0000-00-00 00:00:00";"ABC-3"
4;"2016-04-25 15:00:00";"0000-00-00 00:00:00";"ABC-4"
5;"2016-04-25 15:00:00";"0000-00-00 00:00:00";"ABC-5"
6;"2016-04-25 15:00:00";"0000-00-00 00:00:00";"ABC-6"
7;"2016-04-25 15:00:00";"0000-00-00 00:00:00";"ABC-7"
8;"2016-04-25 15:00:00";"0000-00-00 00:00:00";"ABC-8"
456;"2016-04-25 20:15:30";"2016-03-31 20:15:00";"DGH-123"
98989;"2016-05-07 11:30:50";"0000-00-00 00:00:00";"AB-123"
123456;"2016-03-31 11:30:50";"2016-03-31 20:15:00";"ABC-123"
1235675;"2016-05-07 12:00:00";"0000-00-00 00:00:00";"ABC-6899"
12345678;"2017-06-07 15:30:50";"0000-00-00 00:00:00";"ABCDE-5679"
1234567895;"2016-06-07 20:15:30";"0000-00-00 00:00:00";"gfjgf"
